algorithm,input_size,time_sec,memory_kb,operations
Linear Search,100,3.7664000046788716e-06,0.1171875,100
Linear Search,1000,4.52314000028764e-05,0.20703125,1000
Linear Search,10000,0.0004906837999897107,1.611328125,10000
Linear Search,50000,0.0026421271999993224,0.20703125,50000
Binary Search,100,7.574000051135954e-07,0.0,6
Binary Search,1000,1.089599999204438e-06,0.09375,9
Binary Search,10000,1.865799998768125e-06,0.125,13
Binary Search,50000,2.2835999970993726e-06,0.125,15
Recursive Factorial,100,1.1157800003047669e-05,0.1953125,100
Recursive Factorial,500,0.0001285434000067198,8.125,500
Recursive Factorial,1000,0.00034046240000407124,23.75,1000
Iterative Factorial,100,6.374400004460767e-06,0.234375,99
Iterative Factorial,500,5.796620000069197e-05,1.13671875,499
Iterative Factorial,1000,0.00019802180000283442,2.375,999
Single Loop,100,3.2320000002528103e-06,0.1015625,100
Single Loop,1000,4.152140000428517e-05,0.1640625,1000
Single Loop,10000,0.00045937660000845427,0.1640625,10000
Single Loop,50000,0.0026063906000047153,0.171875,50000
Nested Loop,100,0.00041794000000550113,0.1875,10000
Nested Loop,1000,0.04542135799999869,0.28125,1000000
Nested Loop,5000,1.304636040000048,1.5,25000000
Nested Loop,10000,5.153217864999988,2.0,100000000
