Algorithm,Input Dimension,Runtime (Sec),Peak Memory (KB)
Linear Loop,100,5.579995922744274e-05,0.09375
Linear Loop,500,0.00029390002600848675,0.1484375
Linear Loop,1000,0.0006544999778270721,0.1484375
Linear Loop,2000,0.00244490010663867,0.1484375
Quadratic Loop,100,0.0062206999864429235,0.140625
Quadratic Loop,200,0.026402499992400408,0.1640625
Quadratic Loop,300,0.07828049990348518,0.2578125
Quadratic Loop,400,0.17480560019612312,0.2578125
Factorial (Stack),100,0.00019860011525452137,0.1953125
Factorial (Stack),300,0.0011573999654501677,1.86328125
Factorial (Stack),500,0.0025019000750035048,8.11328125
Factorial (Stack),700,0.004466699901968241,14.36328125
Factorial (Loop),100,0.00010360009036958218,0.2265625
Factorial (Loop),500,0.0004743998870253563,1.12109375
Factorial (Loop),1000,0.0011312998831272125,2.359375
Factorial (Loop),2000,0.003284999867901206,5.1015625
Sequential Search,100,1.7800135537981987e-05,0.078125
Sequential Search,500,0.00023440015502274036,0.16015625
Sequential Search,1000,0.0009518000297248363,0.16015625
Sequential Search,2000,0.0008324000518769026,0.16015625
Logarithmic Search,100,7.200054824352264e-06,0.0234375
Logarithmic Search,500,9.799841791391373e-06,0.0859375
Logarithmic Search,1000,1.0500196367502213e-05,0.1171875
Logarithmic Search,2000,1.0599847882986069e-05,0.1484375
